{
  "total_clips_source": 385,
  "total_players": 3,
  "players": {
    "player_5": {
      "attributes": {
        "pace": 128,
        "acceleration": 141,
        "work_rate": 141,
        "stamina": 135
      },
      "raw_stats": {
        "max_speed_kmh": 30.20824150299412,
        "max_acceleration": 4.53375,
        "avg_speed_kmh": 8.378215243775937,
        "sprint_percentage": 10.38,
        "stamina_percentage": 75.60000000000139,
        "total_distance_m": 6815.706312637563,
        "sprint_time_seconds": 229.4583333333333,
        "jump_count": 148,
        "total_frames_tracked": 66309,
        "clips_appeared": [
          2,
          3,
          4,
          5,
          6,
          7,
          8,
          9,
          10,
          17,
          25,
          26,
          27,
          28,
          35,
          36,
          42,
          44,
          45,
          53,
          54,
          55,
          58,
          63,
          64,
          68,
          69,
          75,
          76,
          77,
          78,
          84,
          85,
          86,
          87,
          88,
          89,
          90,
          91,
          92,
          93,
          94,
          98,
          99,
          103,
          104,
          107,
          108,
          109,
          110,
          111,
          112,
          113,
          114,
          117,
          118,
          119,
          120,
          121,
          122,
          123,
          124,
          125,
          129,
          130,
          131,
          134,
          135,
          136,
          137,
          138,
          139,
          140,
          143,
          144,
          145,
          146,
          147,
          148,
          149,
          152,
          153,
          154,
          155,
          156,
          157,
          162,
          163,
          172,
          173,
          174,
          175,
          176,
          177,
          178,
          179,
          180,
          181,
          190,
          191,
          195,
          197,
          198,
          199,
          200,
          201,
          203,
          204,
          209,
          211,
          212,
          213,
          214,
          215,
          216,
          218,
          221,
          223,
          224,
          225,
          226,
          228,
          229,
          230,
          231,
          235,
          241,
          242,
          243,
          244,
          245,
          246,
          250,
          251,
          252,
          253,
          254,
          257,
          258,
          259,
          263,
          264,
          269,
          270,
          271,
          272,
          273,
          274,
          275,
          282,
          283,
          286,
          287,
          289,
          290,
          291,
          292,
          293,
          294,
          303,
          305,
          306,
          307,
          311,
          312,
          313,
          314,
          315,
          316,
          317,
          318,
          319,
          320,
          321,
          322,
          324,
          325,
          327,
          328,
          329,
          330,
          334,
          335,
          336,
          337,
          338,
          339,
          340,
          341,
          342,
          343,
          344,
          345,
          346,
          347,
          348,
          349,
          350,
          352,
          353,
          354,
          356,
          357,
          359,
          360,
          362,
          363,
          364,
          365,
          367,
          368,
          369,
          370,
          371,
          372,
          373,
          374,
          375,
          376,
          377,
          380,
          381,
          383,
          387,
          388,
          389,
          390,
          391
        ],
        "clips_count": 228
      }
    },
    "player_14": {
      "attributes": {
        "pace": 143,
        "acceleration": 142,
        "work_rate": 147,
        "stamina": 170
      },
      "raw_stats": {
        "max_speed_kmh": 31.733870745583097,
        "max_acceleration": 4.614715873828126,
        "avg_speed_kmh": 9.708171401819214,
        "sprint_percentage": 14.06,
        "stamina_percentage": 67.20000000000186,
        "total_distance_m": 12973.65211844887,
        "sprint_time_seconds": 518.5000000000006,
        "jump_count": 264,
        "total_frames_tracked": 110598,